NO.;DATE;PROUCTION;PANEN
1;2013-01-02; 55.830 ; 20.560 
2;2013-01-03; 105.072 ; 26.290 
3;2013-01-04; 98.748 ; 25.307 
4;2013-01-05; 149.650 ; 19.613 
5;2013-01-07; 86.120 ; 39.735 
6;2013-01-08; 126.840 ; 46.840 
7;2013-01-09; 98.030 ; 48.274 
8;2013-01-10; 113.130 ; 32.760 
9;2013-01-11; 143.201 ; 31.362 
10;2013-01-12; 61.497 ; 28.689 
11;2013-01-14; 86.812 ; 30.254 
12;2013-01-15; 98.870 ; 37.538 
13;2013-01-16; 87.560 ; 40.883 
14;2013-01-17; 132.000 ; 39.385 
15;2013-01-18; 132.820 ; 32.794 
16;2013-01-19; 101.100 ; 24.151 
17;2013-01-21; 11.240 ; 22.801 
18;2013-01-22; 87.160 ; 23.017 
19;2013-01-23; 101.160 ; 22.762 
20;2013-01-24; 5.630 ; 1.612 
21;2013-01-25; 96.080 ; 23.772 
22;2013-01-26; 128.230 ; 33.936 
23;2013-01-28; 105.370 ; 25.404 
24;2013-01-29; 110.850 ; 28.127 
25;2013-01-30; 94.380 ; 24.652 
26;2013-01-31; 125.452 ; 28.344 
27;2013-02-01; 69.400 ; 19.469 
28;2013-02-02; 118.450 ; 22.764 
29;2013-02-04; 103.550 ; 22.440 
30;2013-02-05; 103.550 ; 20.370 
31;2013-02-06; 86.520 ; 23.413 
32;2013-02-07; 89.380 ; 27.461 
33;2013-02-08; 71.770 ; 26.554 
34;2013-02-09; 82.671 ; 23.420 
35;2013-02-11; 107.570 ; 27.877 
36;2013-02-12; 106.010 ; 23.577 
37;2013-02-13; 125.410 ; 22.254 
38;2013-02-14; 86.470 ; 24.801 
39;2013-02-15; 119.380 ; 25.754 
40;2013-02-16; 111.080 ; 20.275 
41;2013-02-18; 110.740 ; 29.328 
42;2013-02-19; 102.850 ; 19.841 
43;2013-02-20; 104.390 ; 18.482 
44;2013-02-21; 103.110 ; 28.827 
45;2013-02-22; 88.920 ; 23.699 
46;2013-02-23; 119.622 ; 34.283 
47;2013-02-25; 100.730 ; 24.273 
48;2013-02-26; 103.700 ; 19.248 
49;2013-02-27; 90.470 ; 23.477 
50;2013-02-28; 89.440 ; 17.404 
51;2013-03-01; 101.160 ; 24.144 
52;2013-03-04; 87.930 ; 16.346 
53;2013-03-05; 141.520 ; 25.202 
54;2013-03-06; 138.510 ; 22.256 
55;2013-03-07; 134.850 ; 30.003 
56;2013-03-08; 105.020 ; 23.788 
57;2013-03-09; 136.610 ; 24.041 
58;2013-03-11; 126.390 ; 27.199 
59;2013-03-13; 119.740 ; 23.232 
60;2013-03-14; 132.640 ; 30.565 
61;2013-03-15; 116.030 ; 27.954 
62;2013-03-16; 159.880 ; 31.929 
63;2013-03-18; 129.290 ; 31.962 
64;2013-03-19; 138.370 ; 23.671 
65;2013-03-20; 143.460 ; 35.306 
66;2013-03-21; 123.490 ; 30.847 
67;2013-03-22; 140.920 ; 30.957 
68;2013-03-23; 124.700 ; 25.695 
69;2013-03-25; 138.050 ; 32.513 
70;2013-03-26; 111.450 ; 32.864 
71;2013-03-27; 108.290 ; 26.650 
72;2013-03-28; 89.250 ; 26.115 
73;2013-03-30; 76.660 ; 15.608 
74;2013-03-31; 117.321 ; 25.574 
75;2013-04-01; 119.357 ; 24.024 
76;2013-04-02; 89.492 ; 29.459 
77;2013-04-03; 90.380 ; 28.957 
78;2013-04-04; 112.880 ; 22.514 
79;2013-04-05; 90.763 ; 34.506 
80;2013-04-06; 120.150 ; 23.506 
81;2013-04-08; 130.809 ; 30.196 
82;2013-04-10; 101.681 ; 24.491 
83;2013-04-11; 103.900 ; 25.386 
84;2013-04-12; 100.122 ; 19.885 
85;2013-04-13; 139.030 ; 27.109 
86;2013-04-15; 126.277 ; 27.795 
87;2013-04-16; 107.921 ; 27.165 
88;2013-04-17; 112.179 ; 26.221 
89;2013-04-18; 125.790 ; 25.821 
90;2013-04-19; 110.760 ; 27.239 
91;2013-04-20; 51.970 ; 14.921 
92;2013-04-22; 127.780 ; 30.321 
93;2013-04-23; 103.140 ; 28.334 
94;2013-04-24; 160.650 ; 28.139 
95;2013-04-25; 105.350 ; 28.608 
96;2013-04-26; 120.720 ; 25.007 
97;2013-04-27; 85.640 ; 19.099 
98;2013-04-29; 90.761 ; 29.158 
99;2013-04-30; 98.026 ; 36.289 
100;2013-05-01; 135.518 ; 32.139 
101;2013-05-02; 131.150 ; 33.589 
102;2013-05-03; 131.293 ; 22.359 
103;2013-05-04; 165.000 ; 31.250 
104;2013-05-06; 107.309 ; 31.834 
105;2013-05-07; 105.180 ; 33.394 
106;2013-05-08; 86.919 ; 27.241 
107;2013-05-09; 80.730 ; 21.628 
108;2013-05-10; 70.004 ; 27.705 
109;2013-05-11; 55.940 ; 8.443 
110;2013-05-13; 64.082 ; 22.597 
111;2013-05-14; 101.920 ; 17.900 
112;2013-05-15; 45.600 ; 21.089 
113;2013-05-16; 51.070 ; 31.612 
114;2013-05-17; 119.170 ; 33.454 
115;2013-05-18; 126.480 ; 30.962 
116;2013-05-20; 98.300 ; 32.480 
117;2013-05-21; 97.530 ; 35.649 
118;2013-05-22; 118.658 ; 36.822 
119;2013-05-23; 87.062 ; 29.062 
120;2013-05-24; 103.220 ; 35.773 
121;2013-05-25; 50.870 ; 5.590 
122;2013-05-27; 85.940 ; 27.936 
123;2013-05-28; 138.646 ; 33.474 
124;2013-05-29; 112.870 ; 28.966 
125;2013-05-30; 109.700 ; 32.152 
126;2013-05-31; 155.439 ; 39.839 
127;2013-06-01; 71.630 ; 41.551 
128;2013-06-03; 85.496 ; 43.238 
129;2013-06-04; 119.080 ; 45.804 
130;2013-06-05; 72.190 ; 39.018 
131;2013-06-06; 48.250 ; 16.900 
132;2013-06-07; 81.770 ; 43.462 
133;2013-06-08; 128.300 ; 38.385 
134;2013-06-10; 82.800 ; 36.952 
135;2013-06-11; 99.600 ; 26.511 
136;2013-06-12; 96.380 ; 41.849 
137;2013-06-13; 88.040 ; 39.290 
138;2013-06-14; 99.650 ; 42.390 
139;2013-06-15; 62.680 ; 30.056 
140;2013-06-17; 82.740 ; 37.376 
141;2013-06-18; 82.790 ; 41.040 
142;2013-06-19; 83.250 ; 45.380 
143;2013-06-20; 132.800 ; 45.355 
144;2013-06-21; 82.440 ; 30.422 
145;2013-06-22; 110.490 ; 42.830 
146;2013-06-24; 125.610 ; 37.568 
147;2013-06-25; 125.530 ; 42.513 
148;2013-06-26; 113.060 ; 44.970 
149;2013-06-27; 109.660 ; 44.688 
150;2013-06-28; 118.660 ; 54.563 
151;2013-06-29; 93.970 ; 43.053 
152;2013-07-01;59.520;26.038
153;2013-07-02;91.660;32.401
154;2013-07-03;126.620;33.647
155;2013-07-04;78.140;27.771
156;2013-07-05;93.970;29.149
157;2013-07-06;66.900;29.329
158;2013-07-08;166.210;31.584
159;2013-07-09;105.940;39.841
160;2013-07-10;141.680;32.236
161;2013-07-11;146.190;23.930
162;2013-07-12;108.910;29.761
163;2013-07-13;100.650;22.500
164;2013-07-15;129.770;35.143
165;2013-07-16;117.090;36.519
166;2013-07-17;148.040;46.691
167;2013-07-18;109.850;46.302
168;2013-07-19;93.790;53.470
169;2013-07-20;87.830;42.626
170;2013-07-22;81.970;32.429
171;2013-07-23;111.320;46.084
172;2013-07-24;96.310;37.981
173;2013-07-25;103.790;37.432
174;2013-07-26;80.010;33.758
175;2013-07-27;128.860;36.608
176;2013-07-29;122.250;39.547
177;2013-07-30;95.480;28.081
178;2013-07-31;118.820;32.661
179;2013-08-01;135.080;40.108
180;2013-08-02;135.030;34.222
181;2013-08-03;228.770;28.905
182;2013-08-05;143.800;28.800
183;2013-08-06;114.090;29.967
184;2013-08-11;49.240;13.780
185;2013-08-12;171.420;35.529
186;2013-08-13;172.020;37.364
187;2013-08-14;169.800;32.150
188;2013-08-15;162.830;45.586
189;2013-08-16;176.520;51.598
190;2013-08-17;191.990;54.719
191;2013-08-19;171.370;43.629
192;2013-08-20;175.810;45.287
193;2013-08-21;134.970;34.528
194;2013-08-22;157.580;46.153
195;2013-08-23;179.010;49.310
196;2013-08-24;248.480;42.227
197;2013-08-26;181.820;41.227
198;2013-08-27;162.380;38.500
199;2013-08-28;176.060;36.466
200;2013-08-29;154.320;42.783
201;2013-08-30;192.950;25.432
202;2013-08-31;158.990;27.170
203;2013-09-02;129.840;37.349
204;2013-09-03;165.790;27.905
205;2013-09-04;203.180;30.949
206;2013-09-05;129.300;24.875
207;2013-09-06;127.420;29.982
208;2013-09-07;217.030;31.864
209;2013-09-09;146.000;28.794
210;2013-09-10;149.920;32.243
211;2013-09-11;133.710;31.137
212;2013-09-12;151.160;27.605
213;2013-09-13;184.590;34.360
214;2013-09-14;174.000;33.756
215;2013-09-16;195.300;38.803
216;2013-09-17;166.070;25.338
217;2013-09-18;178.460;31.285
218;2013-09-19;182.390;34.641
219;2013-09-20;124.110;27.740
220;2013-09-21;160.690;24.816
221;2013-09-23;192.390;30.892
222;2013-09-24;217.260;39.005
223;2013-09-25;223.520;35.572
224;2013-09-26;191.190;39.971
225;2013-09-27;192.000;36.580
226;2013-09-28;187.280;37.522
227;2013-09-30;154.150;39.608
228;2013-10-01;152.360;37.141
229;2013-10-02;121.830;32.013
230;2013-10-03;146.350;36.421
231;2013-10-04;88.660;35.205
232;2013-10-05;165.700;44.669
233;2013-10-07;84.000;26.767
234;2013-10-08;161.710;39.297
235;2013-10-09;127.670;28.165
236;2013-10-10;101.010;20.564
237;2013-10-11;134.710;30.519
238;2013-10-12;117.400;27.058
239;2013-10-16;123.990;38.274
240;2013-10-17;173.070;43.810
241;2013-10-18;117.550;49.450
242;2013-10-19;106.660;38.432
243;2013-10-21;152.690;42.858
244;2013-10-22;220.100;46.150
245;2013-10-23;192.940;41.860
246;2013-10-24;184.280;42.510
247;2013-10-25;119.650;32.370
248;2013-10-26;183.370;25.997
249;2013-10-28;221.860;31.548
250;2013-10-29;113.710;38.701
251;2013-10-30;129.120;35.389
252;2013-10-31;125.560;51.027
253;2013-11-01;106.540;49.227
254;2013-11-02;135.800;54.563
255;2013-11-04;129.560;45.866
256;2013-11-05;12.910;11.466
257;2013-11-06;90.580;36.457
258;2013-11-07;127.830;48.297
259;2013-11-08;96.910;46.127
260;2013-11-09;140.560;42.695
261;2013-11-11;110.190;46.158
262;2013-11-12;142.020;35.749
263;2013-11-13;169.600;41.543
264;2013-11-14;142.520;41.180
265;2013-11-15;143.380;46.045
266;2013-11-16;163.150;42.740
267;2013-11-18;140.540;37.916
268;2013-11-19;155.600;40.520
269;2013-11-20;120.010;41.499
270;2013-11-21;176.330;46.997
271;2013-11-22;150.080;49.163
272;2013-11-23;139.670;45.884
273;2013-11-25;154.200;51.204
274;2013-11-26;161.690;48.581
275;2013-11-27;153.970;47.275
276;2013-11-28;137.440;52.191
277;2013-11-29;154.740;46.460
278;2013-11-30;148.410;42.961
279;2013-12-02;163.700;40.937
280;2013-12-03;156.153;43.342
281;2013-12-04;200.330;44.720
282;2013-12-05;147.300;52.061
283;2013-12-06;112.200;45.450
284;2013-12-07;152.620;44.291
285;2013-12-09;132.450;46.508
286;2013-12-10;200.660;47.149
287;2013-12-11;159.500;44.419
288;2013-12-12;213.732;46.209
289;2013-12-13;178.330;51.436
290;2013-12-14;127.200;49.792
291;2013-12-16;127.490;42.881
292;2013-12-17;114.970;47.021
293;2013-12-18;143.800;45.235
294;2013-12-19;122.820;51.281
295;2013-12-20;99.850;43.600
296;2013-12-21;151.120;47.012
297;2013-12-23;128.350;47.408
298;2013-12-24;144.350;47.840
299;2013-12-26;139.250;43.290
300;2013-12-27;117.600;43.810
301;2013-12-28;141.089;41.301
302;2013-12-30;160.130;47.970
303;2013-12-31;75.490;37.700
304;2014-01-02;55.830;20.560
305;2014-01-03;105.072;26.390
306;2014-01-04;98.848;25.407
307;2014-01-05;145.850;16.505
308;2014-01-06;52.770;24.697
309;2014-01-07;86.120;39.754
310;2014-01-08;126.840;46.840
311;2014-01-09;98.030;48.274
312;2014-01-10;113.130;32.760
313;2014-01-11;110.750;29.250
314;2014-01-13;62.600;28.694
315;2014-01-15;98.870;37.538
316;2014-01-16;87.560;40.883
317;2014-01-17;132.000;39.385
318;2014-01-18;132.820;32.794
319;2014-01-20;129.560;30.496
320;2014-01-21;111.240;22.801
321;2014-01-22;87.160;23.017
322;2014-01-23;101.160;22.762
323;2014-01-24;104.340;24.663
324;2014-01-25;96.080;23.772
325;2014-01-27;128.230;33.900
326;2014-01-28;105.370;25.404
327;2014-01-29;110.850;28.127
328;2014-01-30;90.380;24.652
329;2014-02-01;73.400;19.469
330;2014-02-03;128.620;26.282
331;2014-02-04;103.550;22.440
332;2014-02-05;111.910;25.281
333;2014-02-06;90.180;27.716
334;2014-02-07;91.180;28.062
335;2014-02-08;71.770;26.554
336;2014-02-10;82.670;23.422
337;2014-02-11;108.570;27.877
338;2014-02-12;106.010;23.577
339;2014-02-13;125.410;22.254
340;2014-02-14;86.470;24.801
341;2014-02-15;121.380;26.754
342;2014-02-17;121.560;23.310
343;2014-02-18;111.740;29.328
344;2014-02-19;102.850;19.841
345;2014-02-20;104.390;18.482
346;2014-02-21;102.690;27.590
347;2014-02-22;89.340;24.907
348;2014-02-24;126.710;33.303
349;2014-02-25;103.730;25.273
350;2014-02-26;104.150;17.978
351;2014-02-27;90.020;24.700
352;2014-02-28;89.440;17.404
353;2014-03-01;101.160;24.144
354;2014-03-03;6.300;1.899
355;2014-03-04;87.930;16.346
356;2014-03-05;141.520;25.202
357;2014-03-06;144.250;21.246
358;2014-03-07;129.110;31.098
359;2014-03-08;105.020;23.788
360;2014-03-10;141.000;24.170
361;2014-03-11;135.710;26.679
362;2014-03-12;113.750;23.959
363;2014-03-13;119.740;23.232
364;2014-03-14;132.640;30.565
365;2014-03-15;116.030;27.954
366;2014-03-17;147.920;34.968
367;2014-03-18;146.310;27.542
368;2014-03-19;138.370;23.671
369;2014-03-20;143.460;35.306
370;2014-03-21;123.490;30.847
371;2014-03-22;125.010;27.577
372;2014-03-24;196.430;29.683
373;2014-03-25;138.050;32.513
374;2014-03-26;111.450;32.864
375;2014-03-27;108.290;26.650
376;2014-03-28;89.250;26.115
377;2014-03-29;89.040;27.416
378;2014-03-30;56.820;16.690
379;2014-04-01;131.150;26.253
380;2014-04-02;98.590;32.149
381;2014-04-03;92.260;29.906
382;2014-04-04;117.740;23.437
383;2014-04-05;94.210;35.671
384;2014-04-07;120.150;23.506
385;2014-04-08;137.400;31.405
386;2014-04-10;112.610;26.917
387;2014-04-11;108.460;26.777
388;2014-04-12;105.180;20.951
389;2014-04-14;139.030;27.109
390;2014-04-15;132.410;29.420
391;2014-04-16;112.940;28.634
392;2014-04-17;116.730;27.599
393;2014-04-19;120.600;30.619
394;2014-04-20;44.930;11.982
395;2014-04-21;147.420;29.800
396;2014-04-22;127.780;30.321
397;2014-04-23;103.140;28.334
398;2014-04-24;136.220;23.719
399;2014-04-25;105.350;28.608
400;2014-04-26;120.720;25.007
401;2014-04-27;31.690;5.200
402;2014-04-28;108.330;30.409
403;2014-04-29;95.130;30.573
404;2014-04-30;102.820;37.654
405;2014-05-02;147.380;36.891
406;2014-05-03;145.330;35.905
407;2014-05-04;96.370;9.230
408;2014-05-05;139.050;31.918
409;2014-05-06;114.440;33.784
410;2014-05-07;105.180;33.394
411;2014-05-08;90.480;28.502
412;2014-05-09;80.730;21.628
413;2014-05-10;70.970;27.705
414;2014-05-11;52.890;5.980
415;2014-05-12;115.780;41.853
416;2014-05-13;70.000;24.508
417;2014-05-14;55.570;12.050
418;2014-05-16;151.070;31.612
419;2014-05-17;119.170;33.454
420;2014-05-18;109.120;18.980
421;2014-05-19;101.450;31.099
422;2014-05-20;105.830;41.000
423;2014-05-21;94.550;36.684
424;2014-05-22;123.310;38.681
425;2014-05-23;119.690;46.664
426;2014-05-24;103.220;35.773
427;2014-05-25;68.930;8.970
428;2014-05-26;110.310;48.346
429;2014-05-27;83.620;26.130
430;2014-05-28;147.980;33.474
431;2014-05-29;112.870;28.966
432;2014-05-30;109.700;32.152
433;2014-05-31;172.300;41.854
434;2014-06-02;124.170;40.170
435;2014-06-03;87.070;46.880
436;2014-06-04;83.070;50.484
437;2014-06-05;72.190;39.018
438;2014-06-06;99.080;39.936
439;2014-06-07;81.770;43.462
440;2014-06-09;82.340;32.145
441;2014-06-10;82.800;36.952
442;2014-06-11;99.600;26.511
443;2014-06-12;96.380;41.849
444;2014-06-13;88.040;39.290
445;2014-06-14;109.650;46.390
446;2014-06-16;92.060;37.372
447;2014-06-17;82.740;37.376
448;2014-06-18;82.790;41.040
449;2014-06-19;83.250;45.380
450;2014-06-20;132.800;45.355
451;2014-06-21;92.590;31.422
452;2014-06-23;110.490;42.830
453;2014-06-24;125.610;37.568
454;2014-06-25;125.530;42.513
455;2014-06-26;113.060;44.970
456;2014-06-27;109.660;44.688
457;2014-06-28;118.660;54.563
458;2014-06-30;93.970;43.053
459;2014-07-01;81.410;38.818
460;2014-07-02;103.710;40.201
461;2014-07-03;86.350;25.247
462;2014-07-04;98.140;29.771
463;2014-07-05;113.970;31.149
464;2014-07-06;64.250;20.800
465;2014-07-07;119.480;28.939
466;2014-07-08;166.210;31.584
467;2014-07-10;141.680;32.236
468;2014-07-11;146.190;23.930
469;2014-07-12;108.910;29.761
470;2014-07-13;100.650;22.500
471;2014-07-14;159.080;36.973
472;2014-07-15;139.770;36.143
473;2014-07-16;117.090;36.519
474;2014-07-17;148.040;46.691
475;2014-07-18;109.850;46.302
476;2014-07-19;93.790;53.470
477;2014-07-20;45.170;15.080
478;2014-07-21;164.090;53.416
479;2014-07-22;123.400;47.079
480;2014-07-23;128.880;49.724
481;2014-07-24;104.840;49.811
482;2014-07-25;116.070;46.532
483;2014-07-26;80.010;33.758
484;2014-07-31;64.000;9.360
485;2014-08-01;135.080;40.108
486;2014-08-02;135.030;34.222
487;2014-08-03;232.340;31.845
488;2014-08-04;149.870;36.427
489;2014-08-05;112.160;37.902
490;2014-08-06;159.030;30.361
491;2014-08-07;192.970;33.480
492;2014-08-08;144.130;32.046
493;2014-08-09;193.700;31.733
494;2014-08-10;151.780;24.612
495;2014-08-11;131.940;31.761
496;2014-08-12;171.420;35.529
497;2014-08-13;150.220;46.464
498;2014-08-14;179.790;39.210
499;2014-08-15;162.830;45.586
500;2014-08-16;176.520;51.598
501;2014-08-18;203.450;52.249
502;2014-08-19;171.370;43.629
503;2014-08-20;164.350;47.757
504;2014-08-21;134.970;34.528
505;2014-08-22;157.580;46.153
506;2014-08-23;179.010;49.310
507;2014-08-25;259.110;45.183
508;2014-08-26;184.540;41.382
509;2014-08-27;169.330;41.819
510;2014-08-28;164.500;37.100
511;2014-08-29;145.990;43.632
512;2014-08-30;196.190;24.788
513;2014-09-01;179.510;44.850
514;2014-09-02;129.840;37.349
515;2014-09-03;147.300;30.115
516;2014-09-04;189.630;35.889
517;2014-09-05;125.230;30.595
518;2014-09-06;119.660;26.664
519;2014-09-08;224.790;35.182
520;2014-09-09;223.880;34.904
521;2014-09-10;210.390;39.523
522;2014-09-11;185.980;40.367
523;2014-09-12;178.800;30.465
524;2014-09-13;212.940;38.260
525;2014-09-14;152.750;23.400
526;2014-09-15;183.030;33.886
527;2014-09-16;195.300;38.803
528;2014-09-17;166.070;24.338
529;2014-09-18;178.460;31.285
530;2014-09-19;182.390;34.641
531;2014-09-20;124.110;27.740
532;2014-09-21;142.310;13.780
533;2014-09-22;161.000;29.722
534;2014-09-23;193.210;30.926
535;2014-09-24;217.260;39.005
536;2014-09-25;222.920;40.625
537;2014-09-26;190.630;40.881
538;2014-09-27;171.610;40.350
539;2014-09-28;182.830;40.300
540;2014-09-29;174.380;38.562
541;2014-09-30;154.150;39.608
542;2014-10-01;146.490;39.481
543;2014-10-02;137.880;42.153
544;2014-10-03;124.910;48.381
545;2014-10-04;91.730;37.935
546;2014-10-06;115.070;34.139
547;2014-10-07;123.370;39.738
548;2014-10-08;161.710;39.297
549;2014-10-09;127.670;28.165
550;2014-10-10;101.010;20.564
551;2014-10-11;85.990;19.209
552;2014-10-12;118.050;16.900
553;2014-10-13;139.660;35.118
554;2014-10-14;134.530;36.488
555;2014-10-15;144.090;36.231
556;2014-10-16;188.860;39.345
557;2014-10-17;173.070;43.810
558;2014-10-18;117.550;49.450
559;2014-10-19;93.630;27.430
560;2014-10-20;169.420;42.722
561;2014-10-21;152.690;42.858
562;2014-10-22;164.800;46.891
563;2014-10-23;148.130;41.555
564;2014-10-24;154.300;41.401
565;2014-10-25;72.710;24.126
566;2014-10-26;233.750;20.407
567;2014-10-27;146.860;37.962
568;2014-10-28;169.350;36.618
569;2014-10-29;125.020;46.891
570;2014-10-30;120.540;40.979
571;2014-10-31;125.560;51.027
572;2014-11-01;106.640;49.237
573;2014-11-03;162.170;45.916
574;2014-11-04;129.560;45.866
575;2014-11-05;145.200;48.683
576;2014-11-06;90.840;43.347
577;2014-11-07;127.830;48.297
578;2014-11-08;102.560;39.977
579;2014-11-10;114.160;50.180
580;2014-11-11;127.770;42.608
581;2014-11-12;142.020;35.749
582;2014-11-13;169.600;41.543
583;2014-11-14;145.690;43.395
584;2014-11-15;143.380;46.045
585;2014-11-16;151.380;23.260
586;2014-11-17;146.890;35.590
587;2014-11-18;140.540;37.916
588;2014-11-19;156.580;43.640
589;2014-11-20;120.010;41.499
590;2014-11-21;176.330;46.997
591;2014-11-22;150.080;49.163
592;2014-11-24;135.430;49.254
593;2014-11-25;158.440;47.834
594;2014-11-26;161.690;48.581
595;2014-11-27;153.970;47.275
596;2014-11-28;137.440;52.191
597;2014-11-29;154.740;46.460
598;2014-12-01;122.570;50.652
599;2014-12-02;136.470;44.288
600;2014-12-03;139.180;45.721
601;2014-12-04;153.400;45.325
602;2014-12-05;147.300;52.061
603;2014-12-06;106.680;44.280
604;2014-12-08;154.410;49.482
605;2014-12-09;113.690;47.928
606;2014-12-10;130.640;43.151
607;2014-12-11;126.680;44.155
608;2014-12-12;139.370;51.801
609;2014-12-13;124.100;46.980
610;2014-12-15;137.980;53.172
611;2014-12-16;127.490;42.881
612;2014-12-17;114.970;47.021
613;2014-12-18;143.800;45.235
614;2014-12-19;122.820;51.281
615;2014-12-20;99.850;43.600
616;2014-12-22;114.530;50.652
617;2014-12-23;128.350;47.408
618;2014-12-24;160.940;44.200
619;2014-12-26;139.250;43.290
620;2014-12-27;117.600;43.810
621;2014-12-29;158.650;47.320
622;2014-12-30;160.130;47.970
623;2014-12-31;75.490;37.700
624;2015-01-02;64.080;27.330
625;2015-01-05;115.215;48.110
626;2015-01-06;107.785;37.785
627;2015-01-07;118.905;38.801
628;2015-01-08;136.755;53.610
629;2015-01-09;118.640;43.112
630;2015-01-10;140.860;49.098
631;2015-01-12;155.250;36.790
632;2015-01-13;174.520;59.640
633;2015-01-14;156.490;50.725
634;2015-01-15;157.080;53.751
635;2015-01-16;162.110;55.690
636;2015-01-17;158.110;55.332
637;2015-01-19;149.410;50.398
638;2015-01-20;149.220;50.011
639;2015-01-21;137.650;58.045
640;2015-01-22;131.110;60.001
641;2015-01-23;100.790;42.950
642;2015-01-24;135.570;44.280
643;2015-01-26;125.600;39.388
644;2015-01-27;139.950;44.226
645;2015-01-28;146.730;42.048
646;2015-01-29;121.820;55.302
647;2015-01-30;170.220;56.119
648;2015-01-31;155.780;52.214
649;2015-02-02;139.650;49.660
650;2015-02-03;154.450;46.670
651;2015-02-04;131.440;45.370
652;2015-02-05;100.120;42.250
653;2015-02-06;96.490;37.700
654;2015-02-07;76.581;40.300
655;2015-02-09;153.209;48.490
656;2015-02-10;162.230;47.320
657;2015-02-11;154.600;45.630
658;2015-02-12;182.870;50.050
659;2015-02-13;179.940;46.930
660;2015-02-14;188.040;47.060
661;2015-02-16;169.600;41.210
662;2015-02-17;165.450;33.670
663;2015-02-18;153.640;30.420
664;2015-02-20;214.400;40.040
665;2015-02-21;181.500;38.870
666;2015-02-23;188.530;42.380
667;2015-02-24;189.220;48.620
668;2015-02-25;171.670;57.720
669;2015-02-26;212.870;43.160
670;2015-02-27;199.780;45.110
671;2015-02-28;151.890;42.120
672;2015-03-02;168.740;43.420
673;2015-03-03;174.770;47.580
674;2015-03-04;191.310;50.180
675;2015-03-05;151.320;46.930
676;2015-03-06;159.110;34.450
677;2015-03-07;107.780;35.230
678;2015-03-09;198.300;49.530
679;2015-03-10;237.060;47.580
680;2015-03-11;209.520;43.680
681;2015-03-12;189.360;44.850
682;2015-03-13;190.370;31.460
683;2015-03-14;157.420;26.780
684;2015-03-16;218.181;47.710
685;2015-03-17;182.328;50.440
686;2015-03-18;183.213;43.160
687;2015-03-19;182.891;48.230
688;2015-03-20;180.457;49.270
689;2015-03-23;197.010;56.680
690;2015-03-24;208.940;55.120
691;2015-03-25;198.420;55.510
692;2015-03-26;201.690;52.910
693;2015-03-27;191.190;45.500
694;2015-03-28;199.550;40.820
695;2015-03-29;97.280;7.150
696;2015-03-30;164.740;46.150
697;2015-03-31;141.190;39.260
698;2015-04-01;196.130;52.910
699;2015-04-02;195.210;55.120
700;2015-04-04;252.570;51.610
701;2015-04-06;264.310;45.890
702;2015-04-07;181.750;37.310
703;2015-04-08;170.900;37.180
704;2015-04-09;161.760;51.350
705;2015-04-10;204.670;34.190
706;2015-04-11;141.360;42.120
707;2015-04-13;122.200;36.140
708;2015-04-14;89.360;31.590
709;2015-04-15;168.100;38.350
710;2015-04-16;150.040;34.450
711;2015-04-17;180.320;45.630
712;2015-04-18;159.390;40.040
713;2015-04-19;94.880;7.280
714;2015-04-20;203.580;54.600
715;2015-04-21;200.190;49.010
716;2015-04-22;173.310;36.140
717;2015-04-23;156.710;32.240
718;2015-04-24;219.260;36.920
719;2015-04-25;165.940;36.660
720;2015-04-27;236.370;42.055
721;2015-04-28;189.960;38.285
722;2015-04-29;165.260;39.650
723;2015-04-30;138.020;35.750
724;2015-05-02;178.440;43.550
725;2015-05-04;178.060;43.940
726;2015-05-05;216.530;43.810
727;2015-05-06;240.780;23.270
728;2015-05-07;138.070;32.760
729;2015-05-08;220.310;43.810
730;2015-05-09;139.330;51.220
731;2015-05-11;250.610;46.930
732;2015-05-12;168.170;31.980
733;2015-05-13;166.590;34.840
734;2015-05-16;280.610;29.380
735;2015-05-17;86.740;7.280
736;2015-05-18;229.920;44.980
737;2015-05-19;194.000;49.140
738;2015-05-20;203.320;38.480
739;2015-05-21;200.690;44.200
740;2015-05-22;189.240;55.380
741;2015-05-23;107.370;41.990
742;2015-05-25;207.760;55.120
743;2015-05-26;214.240;58.500
744;2015-05-27;185.500;63.310
745;2015-05-28;162.390;59.670
746;2015-05-29;182.890;54.340
747;2015-05-30;117.270;57.070
748;2015-06-01;143.410;56.160
749;2015-06-03;152.700;59.410
750;2015-06-04;182.310;57.980
751;2015-06-05;159.100;58.630
752;2015-06-06;160.750;57.200
753;2015-06-08;136.420;31.330
754;2015-06-09;152.500;43.680
755;2015-06-10;180.560;41.860
756;2015-06-11;145.100;41.990
757;2015-06-12;152.360;37.830
758;2015-06-13;138.770;38.350
759;2015-06-15;215.440;43.680
760;2015-06-16;196.950;41.210
761;2015-06-17;180.160;40.560
762;2015-06-18;116.110;36.530
763;2015-06-19;193.250;39.260
764;2015-06-20;193.090;38.610
765;2015-06-21;217.900;14.430
766;2015-06-22;173.730;37.440
767;2015-06-23;182.000;44.330
768;2015-06-24;172.450;42.510
769;2015-06-25;186.630;48.490
770;2015-06-26;129.430;51.480
771;2015-06-27;140.490;59.800
772;2015-06-28;205.870;22.230
773;2015-06-29;115.600;55.380
774;2015-06-30;149.770;43.290
775;2015-07-01;156.840;42.640
776;2015-07-02;168.090;43.940
777;2015-07-03;194.030;42.770
778;2015-07-04;135.630;43.810
779;2015-07-05;209.770;20.410
780;2015-07-06;123.330;41.730
781;2015-07-07;197.220;43.810
782;2015-07-08;98.300;32.500
783;2015-07-09;170.400;40.300
784;2015-07-10;149.170;35.490
785;2015-07-11;172.820;44.590
786;2015-07-12;116.220;15.340
787;2015-07-13;140.410;35.750
788;2015-07-14;148.120;34.190
789;2015-07-15;138.330;27.300
790;2015-07-20;257.400;16.770
791;2015-07-21;186.540;33.150
792;2015-07-22;134.410;30.420
793;2015-07-23;193.540;35.360
794;2015-07-24;207.670;34.320
795;2015-07-25;250.170;31.460
796;2015-07-26;195.960;15.210
797;2015-07-27;197.200;31.070
798;2015-07-28;174.860;35.880
799;2015-07-29;181.210;32.500
800;2015-07-30;233.220;30.940
801;2015-07-31;209.440;34.320
802;2015-08-01;187.070;39.780
803;2015-08-02;201.260;14.170
804;2015-08-03;258.050;35.620
805;2015-08-04;164.490;31.590
806;2015-08-05;288.200;33.280
807;2015-08-06;272.290;35.360
808;2015-08-07;185.230;32.110
809;2015-08-08;161.620;31.590
810;2015-08-09;81.680;5.460
811;2015-08-10;228.790;30.680
812;2015-08-11;142.550;31.551
813;2015-08-12;218.470;38.870
814;2015-08-13;229.780;34.359
815;2015-08-14;274.440;36.270
816;2015-08-15;217.440;40.560
817;2015-08-16;357.020;14.300
818;2015-08-18;253.250;40.430
819;2015-08-19;223.090;47.580
820;2015-08-20;230.560;39.000
821;2015-08-21;227.520;30.940
822;2015-08-22;194.020;38.740
823;2015-08-23;201.120;13.260
824;2015-08-24;290.230;39.390
825;2015-08-25;287.570;39.390
826;2015-08-26;248.810;47.710
827;2015-08-27;231.200;49.140
828;2015-08-28;230.800;44.330
829;2015-08-29;238.520;45.890
830;2015-08-30;310.890;28.080
831;2015-08-31;140.400;49.530
832;2015-09-01;217.320;49.920
833;2015-09-02;176.920;54.860
834;2015-09-03;220.860;55.900
835;2015-09-04;188.110;50.960
836;2015-09-05;198.950;59.020
837;2015-09-07;250.010;59.670
838;2015-09-08;219.730;56.290
839;2015-09-09;166.560;47.450
840;2015-09-10;200.750;50.570
841;2015-09-11;221.400;52.780
842;2015-09-12;222.580;46.410
843;2015-09-13;219.330;13.780
844;2015-09-14;136.300;46.410
845;2015-09-15;218.360;50.180
846;2015-09-16;254.820;50.700
847;2015-09-17;213.460;51.740
848;2015-09-18;271.110;50.570
849;2015-09-19;245.200;38.090
850;2015-09-20;252.780;17.290
851;2015-09-21;145.900;52.650
852;2015-09-22;236.520;54.080
853;2015-09-23;223.120;54.470
854;2015-09-24;26.590;3.120
855;2015-09-25;231.480;54.600
856;2015-09-26;216.630;65.780
857;2015-09-27;283.060;30.680
858;2015-09-28;127.260;56.810
859;2015-09-29;211.250;67.990
860;2015-09-30;171.280;60.320
861;2015-10-01;184.570;55.770
862;2015-10-02;210.710;56.810
863;2015-10-03;175.270;45.370
864;2015-10-05;174.690;52.780
865;2015-10-06;193.550;55.770
866;2015-10-07;182.010;62.010
867;2015-10-08;165.860;55.510
868;2015-10-09;145.960;54.470
869;2015-10-10;130.610;57.330
870;2015-10-12;126.370;50.700
871;2015-10-13;168.000;53.690
872;2015-10-15;170.700;67.210
873;2015-10-16;152.970;69.810
874;2015-10-17;156.060;64.870
875;2015-10-19;154.160;62.400
876;2015-10-20;146.220;59.800
877;2015-10-21;137.820;62.920
878;2015-10-22;167.220;67.860
879;2015-10-23;150.200;63.050
880;2015-10-24;150.990;58.630
881;2015-10-26;168.830;56.940
882;2015-10-27;203.610;57.720
883;2015-10-28;115.510;44.980
884;2015-10-29;194.530;59.410
885;2015-10-30;186.070;54.080
886;2015-10-31;157.230;50.570
887;2015-11-02;255.770;53.300
888;2015-11-03;226.670;53.820
889;2015-11-04;184.210;55.770
890;2015-11-05;209.350;70.330
891;2015-11-06;212.570;57.980
892;2015-11-07;140.910;50.310
893;2015-11-09;160.690;56.290
894;2015-11-10;139.550;55.640
895;2015-11-11;153.980;64.350
896;2015-11-12;160.650;77.350
897;2015-11-13;148.920;71.370
898;2015-11-14;134.760;65.390
899;2015-11-16;149.340;68.120
900;2015-11-17;124.040;55.250
901;2015-11-18;151.160;61.230
902;2015-11-19;160.100;75.140
903;2015-11-20;148.360;62.660
904;2015-11-21;150.140;61.490
905;2015-11-23;152.510;68.120
906;2015-11-24;107.250;61.620
907;2015-11-25;119.310;62.400
908;2015-11-26;113.810;78.130
909;2015-11-27;111.560;66.040
910;2015-11-28;113.160;64.740
911;2015-11-30;114.780;60.450
912;2015-12-01;106.680;56.940
913;2015-12-02;121.310;60.580
914;2015-12-03;118.220;65.390
915;2015-12-04;128.200;67.470
916;2015-12-05;78.590;49.920
917;2015-12-07;145.510;70.330
918;2015-12-08;140.080;61.620
919;2015-12-10;142.950;63.440
920;2015-12-11;149.540;69.940
921;2015-12-12;167.480;66.300
922;2015-12-14;149.110;71.110
923;2015-12-15;218.170;64.480
924;2015-12-16;159.220;51.740
925;2015-12-17;137.390;62.790
926;2015-12-18;178.160;67.990
927;2015-12-19;147.790;69.550
928;2015-12-21;160.100;71.760
929;2015-12-22;165.110;70.070
930;2015-12-23;123.400;73.580
931;2015-12-26;123.200;60.320
932;2015-12-28;157.980;67.990
933;2015-12-29;162.250;69.550
934;2015-12-30;146.130;66.690
935;2015-12-31;94.900;54.340
936;2016-01-02;55.530;24.570
937;2016-01-04;175.160;56.940
938;2016-01-05;176.520;52.910
939;2016-01-06;136.130;59.280
940;2016-01-07;150.280;58.370
941;2016-01-08;153.600;54.340
942;2016-01-09;107.470;43.030
943;2016-01-11;171.190;59.800
944;2016-01-12;142.710;55.900
945;2016-01-13;102.310;49.920
946;2016-01-14;104.560;56.810
947;2016-01-15;93.740;66.170
948;2016-01-16;104.110;56.030
949;2016-01-18;83.830;49.920
950;2016-01-19;93.190;51.090
951;2016-01-20;116.970;54.600
952;2016-01-21;163.370;56.550
953;2016-01-22;160.670;54.080
954;2016-01-23;123.830;42.640
955;2016-01-25;138.390;55.640
956;2016-01-26;143.090;57.070
957;2016-01-27;115.460;48.750
958;2016-01-28;111.300;50.830
959;2016-01-29;144.870;51.220
960;2016-01-30;112.680;55.510
961;2016-02-01;129.330;58.500
962;2016-02-02;151.560;58.370
963;2016-02-03;112.390;46.540
964;2016-02-04;109.170;46.280
965;2016-02-05;108.910;56.290
966;2016-02-06;106.850;46.670
967;2016-02-09;173.070;66.040
968;2016-02-10;163.370;50.700
969;2016-02-11;175.700;57.200
970;2016-02-12;146.540;51.610
971;2016-02-13;144.270;51.480
972;2016-02-15;163.810;58.630
973;2016-02-16;125.550;40.820
974;2016-02-17;107.890;43.810
975;2016-02-18;151.740;53.950
976;2016-02-19;113.370;50.700
977;2016-02-20;134.070;55.900
978;2016-02-22;184.770;53.950
979;2016-02-23;133.220;46.410
980;2016-02-24;139.350;50.700
981;2016-02-25;131.650;51.220
982;2016-02-26;137.690;51.350
983;2016-02-27;110.130;48.100
984;2016-02-29;119.130;56.810
985;2016-03-01;129.860;65.520
986;2016-03-02;105.760;47.060
987;2016-03-03;109.130;46.930
988;2016-03-04;78.340;44.720
989;2016-03-05;85.290;42.510
990;2016-03-07;75.380;39.780
991;2016-03-08;105.810;43.810
992;2016-03-10;119.230;40.950
993;2016-03-11;130.700;54.860
994;2016-03-12;151.190;52.260
995;2016-03-14;134.270;47.580
996;2016-03-15;122.260;56.030
997;2016-03-16;123.800;48.750
998;2016-03-17;119.340;52.390
999;2016-03-18;137.860;48.620
1000;2016-03-19;133.440;52.260
1001;2016-03-21;127.590;49.530
1002;2016-03-22;96.110;53.690
1003;2016-03-23;111.760;48.620
1004;2016-03-24;113.180;58.110
1005;2016-03-26;106.320;49.530
1006;2016-03-28;153.760;59.410
1007;2016-03-29;172.170;54.990
1008;2016-03-30;180.320;50.960
1009;2016-03-31;143.270;45.760
1010;2016-04-01;146.940;47.970
1011;2016-04-02;130.120;50.960
1012;2016-04-04;149.460;57.720
1013;2016-04-05;115.810;55.900
1014;2016-04-06;128.730;59.020
1015;2016-04-07;107.510;50.050
1016;2016-04-08;107.690;50.700
1017;2016-04-09;91.820;52.260
1018;2016-04-11;111.070;55.250
1019;2016-04-12;104.290;49.920
1020;2016-04-13;132.890;60.710
1021;2016-04-14;119.000;62.920
1022;2016-04-15;105.260;54.340
1023;2016-04-16;109.910;54.470
1024;2016-04-18;101.040;44.720
1025;2016-04-19;109.000;53.430
1026;2016-04-20;94.040;50.440
1027;2016-04-21;87.130;52.520
1028;2016-04-22;96.740;48.880
1029;2016-04-23;151.200;54.990
1030;2016-04-25;135.040;52.130
1031;2016-04-26;125.290;47.580
1032;2016-04-27;155.040;59.800
1033;2016-04-28;134.580;56.420
1034;2016-04-29;95.970;54.080
1035;2016-04-30;86.480;46.020
1036;2016-05-02;101.350;56.030
1037;2016-05-03;109.830;54.730
1038;2016-05-04;115.460;64.870
1039;2016-05-07;95.340;49.140
1040;2016-05-09;114.080;52.390
1041;2016-05-10;116.680;50.960
1042;2016-05-11;129.680;53.300
1043;2016-05-12;138.450;56.420
1044;2016-05-13;133.670;52.260
1045;2016-05-14;138.480;54.730
1046;2016-05-16;181.850;58.890
1047;2016-05-17;153.550;56.940
1048;2016-05-18;137.180;55.900
1049;2016-05-19;110.770;51.480
1050;2016-05-20;101.150;55.640
1051;2016-05-21;98.690;53.300
1052;2016-05-23;119.300;56.940
1053;2016-05-24;111.920;56.940
1054;2016-05-25;114.580;61.880
1055;2016-05-26;113.340;54.860
1056;2016-05-27;115.560;56.420
1057;2016-05-28;134.080;63.440
1058;2016-05-30;110.480;62.790
1059;2016-05-31;95.220;59.020
1060;2016-06-01;94.650;51.480
1061;2016-06-02;85.000;45.500
1062;2016-06-03;86.320;51.870
1063;2016-06-04;64.710;51.610
1064;2016-06-06;80.040;57.200
1065;2016-06-07;95.040;65.650
1066;2016-06-08;93.680;63.440
1067;2016-06-09;103.520;67.990
1068;2016-06-10;74.580;44.720
1069;2016-06-11;112.440;64.740
1070;2016-06-13;110.240;57.590
1071;2016-06-14;126.820;58.240
1072;2016-06-15;116.350;59.150
1073;2016-06-16;130.410;47.840
1074;2016-06-17;118.750;54.730
1075;2016-06-18;158.460;58.370
1076;2016-06-20;189.100;67.470
1077;2016-06-21;145.730;61.100
1078;2016-06-22;139.120;65.130
1079;2016-06-23;131.000;56.940
1080;2016-06-24;119.410;62.790
1081;2016-06-25;118.420;62.270
1082;2016-06-27;128.440;62.270
1083;2016-06-28;99.210;56.810
1084;2016-06-29;95.940;52.650
1085;2016-06-30;97.630;63.830
1086;2016-07-01;89.830;65.260
1087;2016-07-02;107.680;72.150
1088;2016-07-04;71.100;43.940
1089;2016-07-09;107.430;59.540
1090;2016-07-11;169.930;67.470
1091;2016-07-12;152.960;68.380
1092;2016-07-13;170.520;68.250
1093;2016-07-14;171.840;60.320
1094;2016-07-15;122.130;40.560
1095;2016-07-16;157.170;53.820
1096;2016-07-17;85.340;19.760
1097;2016-07-18;136.690;50.440
1098;2016-07-19;159.880;59.800
1099;2016-07-20;105.930;41.210
1100;2016-07-21;131.570;43.030
1101;2016-07-22;182.280;55.250
1102;2016-07-23;165.870;43.290
1103;2016-07-25;224.210;61.100
1104;2016-07-26;117.890;26.520
1105;2016-07-27;193.030;50.570
1106;2016-07-28;190.330;47.580
1107;2016-07-29;168.390;67.730
1108;2016-07-30;147.040;68.510
1109;2016-08-01;161.280;58.500
1110;2016-08-02;154.520;61.230
1111;2016-08-03;178.610;61.100
1112;2016-08-04;170.670;66.560
1113;2016-08-05;130.530;62.400
1114;2016-08-06;127.390;57.850
1115;2016-08-07;42.770;12.350
1116;2016-08-08;136.130;61.750
1117;2016-08-09;149.290;61.490
1118;2016-08-10;138.930;65.390
1119;2016-08-11;101.950;52.650
1120;2016-08-12;119.730;58.370
1121;2016-08-13;129.300;50.830
1122;2016-08-15;177.090;60.060
1123;2016-08-16;162.320;56.030
1124;2016-08-18;151.360;57.070
1125;2016-08-19;170.020;57.460
1126;2016-08-20;179.870;54.600
1127;2016-08-22;211.830;45.500
1128;2016-08-23;212.510;53.820
1129;2016-08-24;232.540;46.280
1130;2016-08-25;236.650;50.830
1131;2016-08-26;208.980;47.320
1132;2016-08-27;223.070;49.140
1133;2016-08-29;238.150;43.420
1134;2016-08-30;224.110;47.710
1135;2016-08-31;179.580;39.260
1136;2016-09-01;239.670;35.490
1137;2016-09-02;251.350;36.920
1138;2016-09-03;264.650;35.620
1139;2016-09-04;159.720;19.630
1140;2016-09-05;236.470;29.250
1141;2016-09-06;270.670;36.790
1142;2016-09-07;223.380;29.900
1143;2016-09-08;261.880;28.535
1144;2016-09-09;279.280;34.515
1145;2016-09-10;209.940;31.330
1146;2016-09-11;222.610;23.920
1147;2016-09-12;22.700;2.860
1148;2016-09-13;225.970;27.625
1149;2016-09-14;256.930;29.575
1150;2016-09-15;247.360;35.555
1151;2016-09-16;220.670;37.895
1152;2016-09-17;242.710;37.050
1153;2016-09-18;358.210;28.470
1154;2016-09-19;246.210;34.645
1155;2016-09-20;297.730;35.490
1156;2016-09-21;279.540;30.290
1157;2016-09-22;289.400;29.250
1158;2016-09-23;315.690;29.640
1159;2016-09-24;269.710;30.420
1160;2016-09-25;336.590;19.630
1161;2016-09-26;265.670;28.210
1162;2016-09-27;282.280;30.680
1163;2016-09-28;286.720;30.550
1164;2016-09-29;318.700;38.870
1165;2016-09-30;237.790;39.780
1166;2016-10-01;110.830;20.670
1167;2016-10-02;366.950;32.370
1168;2016-10-03;291.840;34.840
1169;2016-10-04;311.160;41.600
1170;2016-10-05;299.020;42.640
1171;2016-10-06;302.010;41.340
1172;2016-10-07;253.330;36.270
1173;2016-10-08;240.840;33.800
1174;2016-10-09;79.000;5.590
1175;2016-10-10;282.540;37.180
1176;2016-10-11;273.080;37.180
1177;2016-10-12;287.750;44.850
1178;2016-10-13;265.270;51.480
1179;2016-10-14;281.850;48.750
1180;2016-10-15;286.990;42.770
1181;2016-10-16;351.610;30.160
1182;2016-10-17;266.650;40.300
1183;2016-10-18;306.730;40.040
1184;2016-10-19;279.590;40.170
1185;2016-10-20;282.800;46.410
1186;2016-10-21;291.880;43.420
1187;2016-10-22;282.230;45.110
1188;2016-10-23;410.520;38.090
1189;2016-10-24;259.270;42.770
1190;2016-10-25;269.310;51.090
1191;2016-10-26;324.290;56.810
1192;2016-10-27;277.070;59.150
1193;2016-10-28;262.460;57.720
1194;2016-10-29;178.420;46.410
1195;2016-10-30;301.780;22.750
1196;2016-10-31;137.550;41.730
1197;2016-11-01;258.440;46.930
1198;2016-11-02;249.940;47.580
1199;2016-11-03;314.550;47.320
1200;2016-11-04;285.660;43.290
1201;2016-11-05;275.660;49.140
1202;2016-11-06;94.210;6.240
1203;2016-11-07;230.960;30.160
1204;2016-11-08;283.110;41.730
1205;2016-11-09;232.860;37.050
1206;2016-11-10;255.600;27.690
1207;2016-11-11;279.900;44.200
1208;2016-11-12;267.150;51.610
1209;2016-11-13;436.260;46.800
1210;2016-11-14;265.640;47.320
1211;2016-11-15;286.160;51.220
1212;2016-11-16;281.340;57.590
1213;2016-11-17;205.600;42.380
1214;2016-11-18;282.100;53.950
1215;2016-11-19;204.260;48.620
1216;2016-11-20;208.830;16.640
1217;2016-11-21;226.360;46.150
1218;2016-11-22;248.090;47.840
1219;2016-11-23;245.850;50.700
1220;2016-11-24;249.060;57.850
1221;2016-11-25;263.520;58.110
1222;2016-11-26;217.790;50.960
1223;2016-11-27;242.820;24.180
1224;2016-11-28;175.240;38.480
1225;2016-11-29;237.320;49.790
1226;2016-11-30;147.550;46.670
1227;2016-12-01;265.940;43.160
1228;2016-12-02;304.110;46.930
1229;2016-12-03;204.390;51.480
1230;2016-12-04;249.070;20.800
1231;2016-12-05;246.010;52.130
1232;2016-12-06;255.340;56.810
1233;2016-12-07;218.000;58.240
1234;2016-12-08;178.860;49.530
1235;2016-12-09;220.630;50.180
1236;2016-12-10;191.490;45.370
1237;2016-12-12;285.460;33.410
1238;2016-12-13;240.970;55.510
1239;2016-12-14;243.570;62.530
1240;2016-12-15;270.090;63.830
1241;2016-12-16;264.630;60.320
1242;2016-12-17;210.810;53.950
1243;2016-12-18;237.720;23.790
1244;2016-12-19;132.430;41.210
1245;2016-12-20;232.950;51.480
1246;2016-12-21;257.470;53.820
1247;2016-12-22;196.130;54.600
1248;2016-12-23;237.400;52.130
1249;2016-12-24;235.070;57.720
1250;2016-12-25;35.000;4.420
1251;2016-12-26;172.210;41.860
1252;2016-12-27;241.590;53.690
1253;2016-12-28;167.550;43.680
1254;2016-12-29;209.240;62.790
1255;2016-12-30;177.560;47.970
1256;2016-12-31;151.080;27.170
